DS,Dial,Entity,FIFA,FIPS,GAUL,IOC,ISO3166-1-Alpha-2,ISO3166-1-Alpha-3,ISO3166-1-numeric,ITU,MARC,WMO,currency_alphabetic_code,currency_country_name,currency_minor_unit,currency_name,currency_numeric_code,is_independent,name,name_fr
BD,880,Bangladesh,BAN,BG,23,BAN,BD,BGD,050,BGD,bg,BW,BDT,BANGLADESH,2,Taka,050,Yes,Bangladesh,Bangladesh
B,32,Belgium,BEL,BE,27,BEL,BE,BEL,056,BEL,be,BX,EUR,BELGIUM,2,Euro,978,Yes,Belgium,Belgique
BF,226,Burkina Faso,BFA,UV,42,BUR,BF,BFA,854,BFA,uv,HV,XOF,BURKINA FASO,0,CFA Franc BCEAO,952,Yes,Burkina Faso,Burkina Faso
BG,359,Bulgaria,BUL,BU,41,BUL,BG,BGR,100,BUL,bu,BU,BGN,BULGARIA,2,Bulgarian Lev,975,Yes,Bulgaria,Bulgarie
BIH,387,Bosnia and Herzegovina,BIH,BK,34,BIH,BA,BIH,070,BIH,bn,BG,BAM,BOSNIA AND HERZEGOVINA,2,Convertible Mark,977,Yes,Bosnia and Herzegovina,Bosnie-Herzégovine
BDS,1-246,Barbados,BRB,BB,24,BAR,BB,BRB,052,BRB,bb,BR,BBD,BARBADOS,2,Barbados Dollar,052,Yes,Barbados,Barbade
F,681,Wallis and Futuna Islands,WLF,WF,266,WAF,WF,WLF,876,WAL,wf,FW,XPF,WALLIS AND FUTUNA,0,CFP Franc,953,Territory of FR,Wallis and Futuna,Wallis et Futuna
 ,590,Saint Barthélemy, ,TB,, ,BL,BLM,652, ,sc, ,EUR,SAINT BARTHÉLEMY,2,Euro,978,Part of FR,Saint Barthélemy,Saint-Barthélemy
 ,1-441,Bermuda,BER,BD,30,BER,BM,BMU,060,BER,bm,BE,BMD,BERMUDA,2,Bermudian Dollar,060,Territory of GB,Bermuda,Bermudes
BRU,673,Brunei Darussalam,BRU,BX,40,BRU,BN,BRN,096,BRU,bx,BD,BND,BRUNEI DARUSSALAM,2,Brunei Dollar,096,Yes,Brunei Darussalam,Brunei Darussalam
BOL,591,Bolivia,BOL,BL,33,BOL,BO,BOL,068,BOL,bo,BO,BOV,"BOLIVIA, PLURINATIONAL STATE OF",2,Mvdol,984,Yes,"Bolivia, Plurinational State of","Bolivie, l'État Plurinational de"
BRN,973,Bahrain,BHR,BA,21,BRN,BH,BHR,048,BHR,ba,BN,BHD,BAHRAIN,3,Bahraini Dinar,048,Yes,Bahrain,Bahreïn
RU,257,Burundi,BDI,BY,43,BDI,BI,BDI,108,BDI,bd,BI,BIF,BURUNDI,0,Burundi Franc,108,Yes,Burundi,Burundi
DY,229,Benin,BEN,BN,29,BEN,BJ,BEN,204,BEN,dm,BJ,XOF,BENIN,0,CFA Franc BCEAO,952,Yes,Benin,Bénin
 ,975,Bhutan,BHU,BT,31,BHU,BT,BTN,064,BTN,bt, ,INR,BHUTAN,2,Indian Rupee,356,Yes,Bhutan,Bhoutan
JA,1-876,Jamaica,JAM,JM,123,JAM,JM,JAM,388,JMC,jm,JM,JMD,JAMAICA,2,Jamaican Dollar,388,Yes,Jamaica,Jamaïque
 ,47,Bouvet Island,,BV,36, ,BV,BVT,074, ,bv,BV,NOK,BOUVET ISLAND,2,Norwegian Krone,578,Territory of NO,Bouvet Island,"Bouvet, Île"
BW,267,Botswana,BOT,BC,35,BOT,BW,BWA,072,BOT,bs,BC,BWP,BOTSWANA,2,Pula,072,Yes,Botswana,Botswana
WS,685,Samoa,SAM,WS,212,SAM,WS,WSM,882,SMO,ws,ZM,WST,SAMOA,2,Tala,882,Yes,Samoa,Samoa
NA,599,"Bonaire, Sint Eustatius and Saba",ANT,NL,176,AHO,BQ,BES,535,ATN,ca,NU,USD,"BONAIRE, SINT EUSTATIUS AND SABA",2,US Dollar,840,Part of NL,"Bonaire, Sint Eustatius and Saba","Bonaire, Saint-Eustache et Saba"
BR,55,Brazil,BRA,BR,37,BRA,BR,BRA,076,B,bl,BZ,BRL,BRAZIL,2,Brazilian Real,986,Yes,Brazil,Brésil
BS,1-242,Bahamas,BAH,BF,20,BAH,BS,BHS,044,BAH,bf,BA,BSD,BAHAMAS,2,Bahamian Dollar,044,Yes,Bahamas,Bahamas
GBJ,44,Jersey,GBJ,JE,128, ,JE,JEY,832, ,uik, ,GBP,JERSEY,2,Pound Sterling,826,Crown dependency of GB,Jersey,Jersey
BY,375,Belarus,BLR,BO,26,BLR,BY,BLR,112,BLR,bw,BY,BYR,BELARUS,0,Belarussian Ruble,974,Yes,Belarus,Bélarus
BZ,501,Belize,BLZ,BH,28,BIZ,BZ,BLZ,084,BLZ,bh,BH,BZD,BELIZE,2,Belize Dollar,084,Yes,Belize,Belize
RUS,7,Russian Federation,RUS,RS,204,RUS,RU,RUS,643,RUS,ru,RS,RUB,RUSSIAN FEDERATION,2,Russian Ruble,643,Yes,Russian Federation,"Russie, Fédération de"
RWA,250,Rwanda,RWA,RW,205,RWA,RW,RWA,646,RRW,rw,RW,RWF,RWANDA,0,Rwanda Franc,646,Yes,Rwanda,Rwanda
SCG,381,Serbia,SRB,"RI,KV",2648,SRB,RS,SRB,688,SRB,rb,YG,RSD,SERBIA,2,Serbian Dinar,941,Yes,Serbia,Serbie
 ,670,Timor-Leste,TLS,TT,242,TLS,TL,TLS,626,TLS,em,TM,USD,TIMOR-LESTE,2,US Dollar,840,Yes,Timor-Leste,Timor-Leste
F,262,Reunion,REU,RE,206,REU,RE,REU,638,REU,re,RE,EUR,RÉUNION,2,Euro,978,Part of FR,Réunion,Réunion
PA,507,Panama,PAN,PM,191,PAN,PA,PAN,591,PNR,pn,PM,USD,PANAMA,2,US Dollar,840,Yes,Panama,Panama
LB,231,Liberia,LBR,LI,144,LBR,LR,LBR,430,LBR,lb,LI,LRD,LIBERIA,2,Liberian Dollar,430,Yes,Liberia,Libéria
RO,40,Romania,ROU,RO,203,ROU,RO,ROU,642,ROU,rm,RO,RON,ROMANIA,2,New Romanian Leu,946,Yes,Romania,Roumanie
NZ,690,Tokelau,TKL,TL,244, ,TK,TKL,772,TKL,tl,TK,NZD,TOKELAU,2,New Zealand Dollar,554,Territory of NZ,Tokelau,Tokelau
 ,245,Guinea-Bissau,GNB,PU,105,GBS,GW,GNB,624,GNB,pg,GW,XOF,GUINEA-BISSAU,0,CFA Franc BCEAO,952,Yes,Guinea-Bissau,Guinée-Bissau
USA,1-671,Guam,GUM,GQ,101,GUM,GU,GUM,316,GUM,gu,GM,USD,GUAM,2,US Dollar,840,Territory of US,Guam,Guam
GCA,502,Guatemala,GUA,GT,103,GUA,GT,GTM,320,GTM,gt,GU,GTQ,GUATEMALA,2,Quetzal,320,Yes,Guatemala,Guatemala
 ,500,South Georgia and South Sandwich Islands,,SX,228, ,GS,SGS,239, ,xs, ,,SOUTH GEORGIA AND THE SOUTH SANDWICH ISLANDS,,No universal currency,,Territory of GB,South Georgia and the South Sandwich Islands,Géorgie du Sud-Et-Les Îles Sandwich du Sud
GR,30,Greece,GRE,GR,97,GRE,GR,GRC,300,GRC,gr,GR,EUR,GREECE,2,Euro,978,Yes,Greece,Grèce
 ,240,Equatorial Guinea,EQG,EK,76,GEQ,GQ,GNQ,226,GNE,eg,GQ,XAF,EQUATORIAL GUINEA,0,CFA Franc BEAC,950,Yes,Equatorial Guinea,Guinée Équatoriale
F,590,Guadeloupe,GLP,GP,100,GUD,GP,GLP,312,GDL,gp,MF,EUR,GUADELOUPE,2,Euro,978,Part of FR,Guadeloupe,Guadeloupe
J,81,Japan,JPN,JA,126,JPN,JP,JPN,392,J,ja,JP,JPY,JAPAN,0,Yen,392,Yes,Japan,Japon
GUY,592,Guyana,GUY,GY,107,GUY,GY,GUY,328,GUY,gy,GY,GYD,GUYANA,2,Guyana Dollar,328,Yes,Guyana,Guyana
GBG,44,Guernsey,GBG,GK,104, ,GG,GGY,831, ,uik, ,GBP,GUERNSEY,2,Pound Sterling,826,Crown dependency of GB,Guernsey,Guernesey
F,594,French Guiana,GUF,FG,86,FGU,GF,GUF,254,GUF,fg,FG,EUR,FRENCH GUIANA,2,Euro,978,Part of FR,French Guiana,Guyane Française
GE,995,Georgia,GEO,GG,92,GEO,GE,GEO,268,GEO,gs,GG,GEL,GEORGIA,2,Lari,981,Yes,Georgia,Géorgie
WG,1-473,Grenada,GRN,GJ,99,GRN,GD,GRD,308,GRD,gd,GD,XCD,GRENADA,2,East Caribbean Dollar,951,Yes,Grenada,Grenade
GB,44,United Kingdom,"ENG,NIR,SCO,WAL",UK,256,GBR,GB,GBR,826,G,xxk,UK,GBP,UNITED KINGDOM,2,Pound Sterling,826,Yes,United Kingdom,Royaume-Uni
G,241,Gabon,GAB,GB,89,GAB,GA,GAB,266,GAB,go,GO,XAF,GABON,0,CFA Franc BEAC,950,Yes,Gabon,Gabon
PK,92,Pakistan,PAK,PK,188,PAK,PK,PAK,586,PAK,pk,PK,PKR,PAKISTAN,2,Pakistan Rupee,586,Yes,Pakistan,Pakistan
RG,224,Guinea,GUI,GV,106,GUI,GN,GIN,324,GUI,gv,GN,GNF,GUINEA,0,Guinea Franc,324,Yes,Guinea,Guinée
WAG,220,Gambia,GAM,GA,90,GAM,GM,GMB,270,GMB,gm,GB,GMD,GAMBIA,2,Dalasi,270,Yes,Gambia,Gambie
DK,299,Greenland,GRL,GL,98,GRL,GL,GRL,304,GRL,gl,GL,DKK,GREENLAND,2,Danish Krone,208,Part of DK,Greenland,Groenland
GBZ,350,Gibraltar,GBZ,GI,95,GIB,GI,GIB,292,GIB,gi,GI,GIP,GIBRALTAR,2,Gibraltar Pound,292,Territory of GB,Gibraltar,Gibraltar
GH,233,Ghana,GHA,GH,94,GHA,GH,GHA,288,GHA,gh,GH,GHS,GHANA,2,Ghana Cedi,936,Yes,Ghana,Ghana
 ,968,Oman,OMA,MU,187,OMA,OM,OMN,512,OMA,mk,OM,OMR,OMAN,3,Rial Omani,512,Yes,Oman,Oman
HKJ,962,Jordan,JOR,JO,130,JOR,JO,JOR,400,JOR,jo,JD,JOD,JORDAN,3,Jordanian Dinar,400,Yes,Jordan,Jordanie
HR,385,Croatia,CRO,HR,62,CRO,HR,HRV,191,HRV,ci,RH,HRK,CROATIA,2,Croatian Kuna,191,Yes,Croatia,Croatie
RH,509,Haiti,HAI,HA,108,HAI,HT,HTI,332,HTI,ht,HA,USD,HAITI,2,US Dollar,840,Yes,Haiti,Haïti
 ,1-869,Saint Kitts and Nevis,SKN,SC,208,SKN,KN,KNA,659,KNA,xd,AT,XCD,SAINT KITTS AND NEVIS,2,East Caribbean Dollar,951,Yes,Saint Kitts and Nevis,Saint-Kitts-Et-Nevis
HK,852,Hong Kong,HKG,HK,33364,HKG,HK,HKG,344,HKG, ,HK,HKD,HONG KONG,2,Hong Kong Dollar,344,Part of CN,Hong Kong,Hong Kong
 ,504,Honduras,HON,HO,111,HON,HN,HND,340,HND,ho,HO,HNL,HONDURAS,2,Lempira,340,Yes,Honduras,Honduras
AUS,672,Heard and McDonald Islands,,HM,109, ,HM,HMD,334, ,hm, ,AUD,HEARD ISLAND AND McDONALD ISLANDS,2,Australian Dollar,036,Territory of AU,Heard Island and McDonald Mcdonald Islands,"Heard-Et-Îles Macdonald, Île"
YV,58,Venezuela,VEN,VE,263,VEN,VE,VEN,862,VEN,ve,VN,VEF,"VENEZUELA, BOLIVARIAN REPUBLIC OF",2,Bolivar,937,Yes,"Venezuela, Bolivarian Republic of","Venezuela, République Bolivarienne du"
USA,1,Puerto Rico,PUR,RQ,200,PUR,PR,PRI,630,PTR,pr,PU,USD,PUERTO RICO,2,US Dollar,840,Commonwealth of US,Puerto Rico,Porto Rico
 ,970,Palestine,PLE,"GZ,WE",91 267,PLE,PS,PSE,275, ,"gz,wj", ,,"PALESTINE, STATE OF",,No universal currency,,In contention,"Palestine, State of","Palestine, État de"
 ,680,Palau,PLW,PS,189,PLW,PW,PLW,585,PLW,pw, ,USD,PALAU,2,US Dollar,840,Yes,Palau,Palaos
P,351,Portugal,POR,PO,199,POR,PT,PRT,620,POR,po,PO,EUR,PORTUGAL,2,Euro,978,Yes,Portugal,Portugal
 ,47,Svalbard and Jan Mayen Islands,,"SV,JN",234, ,SJ,SJM,744,NOR, ,SZ,NOK,SVALBARD AND JAN MAYEN,2,Norwegian Krone,578,Territory of NO,Svalbard and Jan Mayen,Svalbard et Île Jan Mayen
PY,595,Paraguay,PAR,PA,194,PAR,PY,PRY,600,PRG,py,PY,PYG,PARAGUAY,0,Guarani,600,Yes,Paraguay,Paraguay
IRQ,964,Iraq,IRQ,IZ,118,IRQ,IQ,IRQ,368,IRQ,iq,IQ,IQD,IRAQ,3,Iraqi Dinar,368,Yes,Iraq,Iraq
LV,371,Latvia,LVA,LG,140,LAT,LV,LVA,428,LVA,lv,LV,LVL,LATVIA,2,Latvian Lats,428,Yes,Latvia,Lettonie
F,689,French Polynesia,TAH,FP,87,FPO,PF,PYF,258,OCE,fp,PF,XPF,FRENCH POLYNESIA,0,CFP Franc,953,Territory of FR,French Polynesia,Polynésie Française
PNG,675,Papua New Guinea,PNG,PP,192,PNG,PG,PNG,598,PNG,pp,NG,PGK,PAPUA NEW GUINEA,2,Kina,598,Yes,Papua New Guinea,Papouasie-Nouvelle-Guinée
PE,51,Peru,PER,PE,195,PER,PE,PER,604,PRU,pe,PR,PEN,PERU,2,Nuevo Sol,604,Yes,Peru,Pérou
KWT,965,Kuwait,KUW,KU,137,KUW,KW,KWT,414,KWT,ku,KW,KWD,KUWAIT,3,Kuwaiti Dinar,414,Yes,Kuwait,Koweït
RP,63,Philippines,PHI,RP,196,PHI,PH,PHL,608,PHL,ph,PH,PHP,PHILIPPINES,2,Philippine Peso,608,Yes,Philippines,Philippines
 ,870,Pitcairn,PCN,PC,197, ,PN,PCN,612,PTC,pc,PT,NZD,PITCAIRN,2,New Zealand Dollar,554,Territory of GB,Pitcairn,Pitcairn
PL,48,Poland,POL,PL,198,POL,PL,POL,616,POL,pl,PL,PLN,POLAND,2,Zloty,985,Yes,Poland,Pologne
F,508,Saint Pierre and Miquelon,SPM,SB,210,SPM,PM,SPM,666,SPM,xl,FP,EUR,SAINT PIERRE AND MIQUELON,2,Euro,978,Part of FR,Saint Pierre and Miquelon,Saint-Pierre-Et-Miquelon
Z,260,Zambia,ZAM,ZA,270,ZAM,ZM,ZMB,894,ZMB,za,ZB,ZMW,ZAMBIA,2,Zambian Kwacha,967,Yes,Zambia,Zambie
 ,212,Western Sahara,SAH,WI,268, ,EH,ESH,732,AOE,ss, ,MAD,WESTERN SAHARA,2,Moroccan Dirham,504,In contention,Western Sahara,Sahara Occidental
EST,372,Estonia,EST,EN,78,EST,EE,EST,233,EST,er,EO,EUR,ESTONIA,2,Euro,978,Yes,Estonia,Estonie
ET,20,Egypt,EGY,EG,40765,EGY,EG,EGY,818,EGY,ua,EG,EGP,EGYPT,2,Egyptian Pound,818,Yes,Egypt,Égypte
ZA,27,South Africa,RSA,SF,227,RSA,ZA,ZAF,710,AFS,sa,ZA,ZAR,SOUTH AFRICA,2,Rand,710,Yes,South Africa,Afrique du Sud
EC,593,Ecuador,ECU,EC,73,ECU,EC,ECU,218,EQA,ec,EQ,USD,ECUADOR,2,US Dollar,840,Yes,Ecuador,Équateur
I,39,Italy,ITA,IT,122,ITA,IT,ITA,380,I,it,IY,EUR,ITALY,2,Euro,978,Yes,Italy,Italie
VN,84,Vietnam,VIE,VM,264,VIE,VN,VNM,704,VTN,vm,VS,VND,VIET NAM,0,Dong,704,Yes,Viet Nam,Viet Nam
 ,677,Solomon Islands,SOL,BP,225,SOL,SB,SLB,090,SLM,bp,SO,SBD,SOLOMON ISLANDS,2,Solomon Islands Dollar,090,Yes,Solomon Islands,"Salomon, Îles"
ETH,251,Ethiopia,ETH,ET,79,ETH,ET,ETH,231,ETH,et,ET,ETB,ETHIOPIA,2,Ethiopian Birr,230,Yes,Ethiopia,Éthiopie
ZW,263,Zimbabwe,ZIM,ZI,271,ZIM,ZW,ZWE,716,ZWE,rh,ZW,ZWL,ZIMBABWE,2,Zimbabwe Dollar,932,Yes,Zimbabwe,Zimbabwe
SA,966,Saudi Arabia,KSA,SA,215,KSA,SA,SAU,682,ARS,su,SD,SAR,SAUDI ARABIA,2,Saudi Riyal,682,Yes,Saudi Arabia,Arabie Saoudite
E,34,Spain,ESP,SP,229,ESP,ES,ESP,724,E,sp,SP,EUR,SPAIN,2,Euro,978,Yes,Spain,Espagne
 ,291,Eritrea,ERI,ER,77,ERI,ER,ERI,232,ERI,ea, ,ERN,ERITREA,2,Nakfa,232,Yes,Eritrea,Érythrée
,382,Montenegro,MNE,MJ,2647,MGO,ME,MNE,499,MNE,mo,,EUR,MONTENEGRO,2,Euro,978,Yes,Montenegro,Monténégro
MD,373,Moldova,MDA,MD,165,MDA,MD,MDA,498,MDA,mv,RM,MDL,"MOLDOVA, REPUBLIC OF",2,Moldovan Leu,498,Yes,"Moldova, Republic of","Moldova, République de"
RM,261,Madagascar,MAD,MA,150,MAD,MG,MDG,450,MDG,mg,MG,MGA,MADAGASCAR,2,Malagasy Ariary,969,Yes,Madagascar,Madagascar
 ,590,Saint Martin (French part), ,RN,, ,MF,MAF,663, ,st, ,EUR,SAINT MARTIN (FRENCH PART),2,Euro,978,Part of FR,Saint Martin (French part),Saint-Martin(partie Française)
MA,212,Morocco,MAR,MO,169,MAR,MA,MAR,504,MRC,mr,MC,MAD,MOROCCO,2,Moroccan Dirham,504,Yes,Morocco,Maroc
MC,377,Monaco,MON,MN,166,MON,MC,MCO,492,MCO,mc, ,EUR,MONACO,2,Euro,978,Yes,Monaco,Monaco
UZ,998,Uzbekistan,UZB,UZ,261,UZB,UZ,UZB,860,UZB,uz,UZ,UZS,UZBEKISTAN,2,Uzbekistan Sum,860,Yes,Uzbekistan,Ouzbékistan
BUR,95,Myanmar,MYA,BM,171,MYA,MM,MMR,104,MYA,br,BM,MMK,MYANMAR,2,Kyat,104,Yes,Myanmar,Myanmar
RMM,223,Mali,MLI,ML,155,MLI,ML,MLI,466,MLI,ml,MI,XOF,MALI,0,CFA Franc BCEAO,952,Yes,Mali,Mali
 ,853,Macau,MAC,MC,149,MAC,MO,MAC,446,MAC, ,MU,MOP,MACAO,2,Pataca,446,Part of CN,Macao,Macao
MGL,976,Mongolia,MNG,MG,167,MGL,MN,MNG,496,MNG,mp,MO,MNT,MONGOLIA,2,Tugrik,496,Yes,Mongolia,Mongolie
 ,692,Marshall Islands,MHL,RM,157,MSH,MH,MHL,584,MHL,xe,MH,USD,MARSHALL ISLANDS,2,US Dollar,840,Yes,Marshall Islands,"Marshall, Îles"
USA,1,United States of America,USA,US,259,USA,US,USA,840,USA,xxu,US,USS,UNITED STATES,2,US Dollar (Same day),998,Yes,United States,États-Unis
MS,230,Mauritius,MRI,MP,160,MRI,MU,MUS,480,MAU,mf,MA,MUR,MAURITIUS,2,Mauritius Rupee,480,Yes,Mauritius,Maurice
M,356,Malta,MLT,MT,156,MLT,MT,MLT,470,MLT,mm,ML,EUR,MALTA,2,Euro,978,Yes,Malta,Malte
MW,265,Malawi,MWI,MI,152,MAW,MW,MWI,454,MWI,mw,MW,MWK,MALAWI,2,Kwacha,454,Yes,Malawi,Malawi
 ,960,Maldives,MDV,MV,154,MDV,MV,MDV,462,MLD,xc,MV,MVR,MALDIVES,2,Rufiyaa,462,Yes,Maldives,Maldives
F,596,Martinique,MTQ,MB,158,MRT,MQ,MTQ,474,MRT,mq,MR,EUR,MARTINIQUE,2,Euro,978,Part of FR,Martinique,Martinique
USA,1-670,Northern Mariana Islands,NMI,CQ,185,NMA,MP,MNP,580,MRA,nw,MY,USD,NORTHERN MARIANA ISLANDS,2,US Dollar,840,Commonwealth of US,Northern Mariana Islands,"Mariannes du Nord, Îles"
 ,1-664,Montserrat,MSR,MH,168,MNT,MS,MSR,500,MSR,mj, ,XCD,MONTSERRAT,2,East Caribbean Dollar,951,Territory of GB,Montserrat,Montserrat
RIM,222,Mauritania,MTN,MR,159,MTN,MR,MRT,478,MTN,mu,MT,MRO,MAURITANIA,2,Ouguiya,478,Yes,Mauritania,Mauritanie
GBM,44,Isle of Man,GBM,IM,120, ,IM,IMN,833, ,uik, ,GBP,ISLE OF MAN,2,Pound Sterling,826,Crown dependency of GB,Isle of Man,Île de Man
EAU,256,Uganda,UGA,UG,253,UGA,UG,UGA,800,UGA,ug,UG,UGX,UGANDA,0,Uganda Shilling,800,Yes,Uganda,Ouganda
EAT,255,Tanzania,TAN,TZ,257,TAN,TZ,TZA,834,TZA,tz,TN,TZS,"TANZANIA, UNITED REPUBLIC OF",2,Tanzanian Shilling,834,Yes,"Tanzania, United Republic of","Tanzanie, République-Unie de"
UA,380,Ukraine,UKR,UP,254,UKR,UA,UKR,804,UKR,un,UR,UAH,UKRAINE,2,Hryvnia,980,Yes,Ukraine,Ukraine
MEX,52,Mexico,MEX,MX,162,MEX,MX,MEX,484,MEX,mx,MX,MXV,MEXICO,2,Mexican Unidad de Inversion (UDI),979,Yes,Mexico,Mexique
A,43,Austria,AUT,AU,18,AUT,AT,AUT,040,AUT,au,OS,EUR,AUSTRIA,2,Euro,978,Yes,Austria,Autriche
F,33,France,FRA,FR,85,FRA,FR,FRA,250,F,fr,FR,EUR,FRANCE,2,Euro,978,Yes,France,France
 ,297,Aruba,ARU,AA,14,ARU,AW,ABW,533,ABW,aw,NU,AWG,ARUBA,2,Aruban Florin,533,Part of NL,Aruba,Aruba
 ,290,Saint Helena,SHN,SH,207,HEL,SH,SHN,654,SHN,xj,HE,SHP,"SAINT HELENA, ASCENSION AND TRISTAN DA CUNHA",2,Saint Helena Pound,654,Territory of GB,"Saint Helena, Ascension and Tristan da Cunha","Sainte-Hélène, Ascension et Tristan da Cunha"
L,352,Luxembourg,LUX,LU,148,LUX,LU,LUX,442,LUX,lu,BX,EUR,LUXEMBOURG,2,Euro,978,Yes,Luxembourg,Luxembourg
WD,1-767,Dominica,DMA,DO,71,DMA,DM,DMA,212,DMA,dq,DO,XCD,DOMINICA,2,East Caribbean Dollar,951,Yes,Dominica,Dominique
FIN,358,Finland,FIN,FI,84,FIN,FI,FIN,246,FIN,fi,FI,EUR,FINLAND,2,Euro,978,Yes,Finland,Finlande
FJI,679,Fiji,FIJ,FJ,83,FIJ,FJ,FJI,242,FJI,fj,FJ,FJD,FIJI,2,Fiji Dollar,242,Yes,Fiji,Fidji
 ,500,Falkland Islands,FLK,FK,81,FLK,FK,FLK,238,FLK,fk,FK,FKP,FALKLAND ISLANDS (MALVINAS),2,Falkland Islands Pound,238,Territory of GB,Falkland Islands (Malvinas),"Falkland, Îles (Malvinas)"
 ,691,Micronesia,FSM,FM,163,FSM,FM,FSM,583,FSM,fm, ,USD,"MICRONESIA, FEDERATED STATES OF",2,US Dollar,840,Yes,"Micronesia, Federated States of","Micronésie, États Fédérés de"
FO,298,Faroe Islands,FRO,FO,82,FAR,FO,FRO,234,FRO,fa,FA,DKK,FAROE ISLANDS,2,Danish Krone,208,Part of DK,Faroe Islands,"Féroé, Îles"
NIC,505,Nicaragua,NCA,NU,180,NCA,NI,NIC,558,NCG,nq,NK,NIO,NICARAGUA,2,Cordoba Oro,558,Yes,Nicaragua,Nicaragua
NL,31,Netherlands,NED,NL,177,NED,NL,NLD,528,HOL,ne,NL,EUR,NETHERLANDS,2,Euro,978,Yes,Netherlands,Pays-Bas
N,47,Norway,NOR,NO,186,NOR,NO,NOR,578,NOR,no,NO,NOK,NORWAY,2,Norwegian Krone,578,Yes,Norway,Norvège
NAM,264,Namibia,NAM,WA,172,NAM,NA,NAM,516,NMB,sx,NM,ZAR,NAMIBIA,2,Rand,710,Yes,Namibia,Namibie
 ,678,Vanuatu,VAN,NH,262,VAN,VU,VUT,548,VUT,nn,NV,VUV,VANUATU,0,Vatu,548,Yes,Vanuatu,Vanuatu
F,687,New Caledonia,NCL,NC,178,NCD,NC,NCL,540,NCL,nl,NC,XPF,NEW CALEDONIA,0,CFP Franc,953,Territory of FR,New Caledonia,Nouvelle-Calédonie
RN,227,Niger,NIG,NG,181,NIG,NE,NER,562,NGR,ng,NR,XOF,NIGER,0,CFA Franc BCEAO,952,Yes,Niger,Niger
AUS,672,Norfolk Island,NFK,NF,184,NFI,NF,NFK,574,NFK,nx,NF,AUD,NORFOLK ISLAND,2,Australian Dollar,036,Territory of AU,Norfolk Island,"Norfolk, Île"
NGR,234,Nigeria,NGA,NI,182,NGR,NG,NGA,566,NIG,nr,NI,NGN,NIGERIA,2,Naira,566,Yes,Nigeria,Nigéria
NZ,64,New Zealand,NZL,NZ,179,NZL,NZ,NZL,554,NZL,nz,NZ,NZD,NEW ZEALAND,2,New Zealand Dollar,554,Yes,New Zealand,Nouvelle-Zélande
NEP,977,Nepal,NEP,NP,175,NEP,NP,NPL,524,NPL,np,NP,NPR,NEPAL,2,Nepalese Rupee,524,Yes,Nepal,Népal
NAU,674,Nauru,NRU,NR,173,NRU,NR,NRU,520,NRU,nu,NW,AUD,NAURU,2,Australian Dollar,036,Yes,Nauru,Nauru
NZ,683,Niue,NIU,NE,183,NIU,NU,NIU,570,NIU,xh, ,NZD,NIUE,2,New Zealand Dollar,554,Associated with NZ,Niue,Niué
NZ,682,Cook Islands,COK,CW,60,COK,CK,COK,184,CKH,cw,KU,NZD,COOK ISLANDS,2,New Zealand Dollar,554,Associated with NZ,Cook Islands,"Cook, Îles"
CI,225,Côte d'Ivoire,CIV,IV,66,CIV,CI,CIV,384,CTI,iv,IV,XOF,CÔTE D'IVOIRE,0,CFA Franc BCEAO,952,Yes,Côte d'Ivoire,Côte d'Ivoire
CH,41,Switzerland,SUI,SZ,237,SUI,CH,CHE,756,SUI,sz,SW,CHW,SWITZERLAND,2,WIR Franc,948,Yes,Switzerland,Suisse
CO,57,Colombia,COL,CO,57,COL,CO,COL,170,CLM,ck,CO,COU,COLOMBIA,2,Unidad de Valor Real,970,Yes,Colombia,Colombie
 ,86,China,CHN,CH,53,CHN,CN,CHN,156,CHN,cc,CI,CNY,CHINA,2,Yuan Renminbi,156,Yes,China,Chine
CAM,237,Cameroon,CMR,CM,45,CMR,CM,CMR,120,CME,cm,CM,XAF,CAMEROON,0,CFA Franc BEAC,950,Yes,Cameroon,Cameroun
RCH,56,Chile,CHI,CI,51,CHI,CL,CHL,152,CHL,cl,CH,CLP,CHILE,0,Chilean Peso,152,Yes,Chile,Chili
AUS,61,Cocos (Keeling) Islands,CCK,CK,56, ,CC,CCK,166,ICO,xb,KK,AUD,COCOS (KEELING) ISLANDS,2,Australian Dollar,036,Territory of AU,Cocos (Keeling) Islands,"Cocos (Keeling), Îles"
CDN,1,Canada,CAN,CA,46,CAN,CA,CAN,124,CAN,xxc,CN,CAD,CANADA,2,Canadian Dollar,124,Yes,Canada,Canada
RCB,242,Congo (Brazzaville),CGO,CF,59,CGO,CG,COG,178,COG,cf,CG,XAF,CONGO,0,CFA Franc BEAC,950,Yes,Congo,Congo
RCA,236,Central African Republic,CTA,CT,49,CAF,CF,CAF,140,CAF,cx,CE,XAF,CENTRAL AFRICAN REPUBLIC,0,CFA Franc BEAC,950,Yes,Central African Republic,"Centrafricaine, République"
ZRE,243,Congo (Kinshasa),COD,CG,68,COD,CD,COD,180,COD,cg,ZR,CDF,"CONGO, THE DEMOCRATIC REPUBLIC OF",2,Congolese Franc,976,Yes,"Congo, the Democratic Republic of the","Congo, la République Démocratique du"
CZ,420,Czech Republic,CZE,EZ,65,CZE,CZ,CZE,203,CZE,xr,CZ,CZK,CZECH REPUBLIC,2,Czech Koruna,203,Yes,Czech Republic,"Tchèque, République"
CY,357,Cyprus,CYP,CY,64,CYP,CY,CYP,196,CYP,cy,CY,EUR,CYPRUS,2,Euro,978,Yes,Cyprus,Chypre
AUS,61,Christmas Island,CXR,KT,54, ,CX,CXR,162,CHR,xa,KI,AUD,CHRISTMAS ISLAND,2,Australian Dollar,036,Territory of AU,Christmas Island,"Christmas, Île"
CR,506,Costa Rica,CRC,CS,61,CRC,CR,CRI,188,CTR,cr,CS,CRC,COSTA RICA,2,Costa Rican Colon,188,Yes,Costa Rica,Costa Rica
H,36,Hungary,HUN,HU,113,HUN,HU,HUN,348,HNG,hu,HU,HUF,HUNGARY,2,Forint,348,Yes,Hungary,Hongrie
,,Curaçao,,UC,,,CW,CUW,531,,co,,ANG,CURAÇAO,2,Netherlands Antillean Guilder,532,Part of NL,Curaçao,Curaçao
 ,238,Cape Verde,CPV,CV,47,CPV,CV,CPV,132,CPV,cv,CV,CVE,CAPE VERDE,2,Cape Verde Escudo,132,Yes,Cape Verde,Cap-Vert
C,53,Cuba,CUB,CU,63,CUB,CU,CUB,192,CUB,cu,CU,CUP,CUBA,2,Cuban Peso,192,Yes,Cuba,Cuba
SD,268,Swaziland,SWZ,WZ,235,SWZ,SZ,SWZ,748,SWZ,sq,SV,SZL,SWAZILAND,2,Lilangeni,748,Yes,Swaziland,Swaziland
SYR,963,Syria,SYR,SY,238,SYR,SY,SYR,760,SYR,sy,SY,SYP,SYRIAN ARAB REPUBLIC,2,Syrian Pound,760,Yes,Syrian Arab Republic,"Syrienne, République Arabe"
,,Sint Maarten,,NN,,,SX,SXM,534,,sn,,ANG,SINT MAARTEN (DUTCH PART),2,Netherlands Antillean Guilder,532,Part of NL,Sint Maarten (Dutch part),Saint-Martin (Partie Néerlandaise)
KS,996,Kyrgyzstan,KGZ,KG,138,KGZ,KG,KGZ,417,KGZ,kg,KG,KGS,KYRGYZSTAN,2,Som,417,Yes,Kyrgyzstan,Kirghizistan
EAK,254,Kenya,KEN,KE,133,KEN,KE,KEN,404,KEN,ke,KN,KES,KENYA,2,Kenyan Shilling,404,Yes,Kenya,Kenya
,211,South Sudan,,OD,,,SS,SSD,728,SSD,sd,,SSP,SOUTH SUDAN,2,South Sudanese Pound,728,Yes,South Sudan,Soudan du Sud
SME,597,Suriname,SUR,NS,233,SUR,SR,SUR,740,SUR,sr,SM,SRD,SURINAME,2,Surinam Dollar,968,Yes,Suriname,Suriname
 ,686,Kiribati,KIR,KR,135,KIR,KI,KIR,296,KIR,gb,KB,AUD,KIRIBATI,2,Australian Dollar,036,Yes,Kiribati,Kiribati
K,855,Cambodia,CAM,CB,44,CAM,KH,KHM,116,CBG,cb,KP,KHR,CAMBODIA,2,Riel,116,Yes,Cambodia,Cambodge
ES,503,El Salvador,SLV,ES,75,ESA,SV,SLV,222,SLV,es,ES,USD,EL SALVADOR,2,US Dollar,840,Yes,El Salvador,El Salvador
 ,269,Comoros,COM,CN,58,COM,KM,COM,174,COM,cq,IC,KMF,COMOROS,0,Comoro Franc,174,Yes,Comoros,Comores
 ,239,Sao Tome and Principe,STP,TP,214,STP,ST,STP,678,STP,sf,TP,STD,SAO TOME AND PRINCIPE,2,Dobra,678,Yes,Sao Tome and Principe,Sao Tomé-Et-Principe
SK,421,Slovakia,SVK,LO,223,SVK,SK,SVK,703,SVK,xo,SQ,EUR,SLOVAKIA,2,Euro,978,Yes,Slovakia,Slovaquie
ROK,82,"Korea, South",KOR,KS,202,KOR,KR,KOR,410,KOR,ko,KO,KRW,"KOREA, REPUBLIC OF",0,Won,410,Yes,"Korea, Republic of","Corée, République de"
SLO,386,Slovenia,SVN,SI,224,SLO,SI,SVN,705,SVN,xv,LJ,EUR,SLOVENIA,2,Euro,978,Yes,Slovenia,Slovénie
 ,850,"Korea, North",PRK,KN,67,PRK,KP,PRK,408,KRE,kn,KR,KPW,"KOREA, DEMOCRATIC PEOPLE’S REPUBLIC OF",2,North Korean Won,408,Yes,"Korea, Democratic People's Republic of","Corée, République Populaire Démocratique de"
SO,252,Somalia,SOM,SO,226,SOM,SO,SOM,706,SOM,so,SI,SOS,SOMALIA,2,Somali Shilling,706,Yes,Somalia,Somalie
SN,221,Senegal,SEN,SG,217,SEN,SN,SEN,686,SEN,sg,SG,XOF,SENEGAL,0,CFA Franc BCEAO,952,Yes,Senegal,Sénégal
RSM,378,San Marino,SMR,SM,213,SMR,SM,SMR,674,SMR,sm, ,EUR,SAN MARINO,2,Euro,978,Yes,San Marino,Saint-Marin
WAL,232,Sierra Leone,SLE,SL,221,SLE,SL,SLE,694,SRL,sl,SL,SLL,SIERRA LEONE,2,Leone,694,Yes,Sierra Leone,Sierra Leone
SY,248,Seychelles,SEY,SE,220,SEY,SC,SYC,690,SEY,se,SC,SCR,SEYCHELLES,2,Seychelles Rupee,690,Yes,Seychelles,Seychelles
KZ,7,Kazakhstan,KAZ,KZ,132,KAZ,KZ,KAZ,398,KAZ,kz,KZ,KZT,KAZAKHSTAN,2,Tenge,398,Yes,Kazakhstan,Kazakhstan
 ,1-345,Cayman Islands,CAY,CJ,48,CAY,KY,CYM,136,CYM,cj,GC,KYD,CAYMAN ISLANDS,2,Cayman Islands Dollar,136,Territory of GB,Cayman Islands,"Caïmans, Îles"
SGP,65,Singapore,SIN,SN,222,SIN,SG,SGP,702,SNG,si,SR,SGD,SINGAPORE,2,Singapore Dollar,702,Yes,Singapore,Singapour
S,46,Sweden,SWE,SW,236,SWE,SE,SWE,752,S,sw,SN,SEK,SWEDEN,2,Swedish Krona,752,Yes,Sweden,Suède
SUD,249,Sudan,SUD,SU,40764,SUD,SD,SDN,729,SDN,sj,SU,SDG,SUDAN,2,Sudanese Pound,938,Yes,Sudan,Soudan
DOM,1-8091-8291-849,Dominican Republic,DOM,DR,72,DOM,DO,DOM,214,DOM,dr,DR,DOP,DOMINICAN REPUBLIC,2,Dominican Peso,214,Yes,Dominican Republic,"Dominicaine, République"
 ,253,Djibouti,DJI,DJ,70,DJI,DJ,DJI,262,DJI,ft,DJ,DJF,DJIBOUTI,0,Djibouti Franc,262,Yes,Djibouti,Djibouti
DK,45,Denmark,DEN,DA,69,DEN,DK,DNK,208,DNK,dk,DN,DKK,DENMARK,2,Danish Krone,208,Yes,Denmark,Danemark
BVI,1-284,"Virgin Islands, British",VGB,VI,39,IVB,VG,VGB,092,VRG,vb,VI,USD,VIRGIN ISLANDS (BRITISH),2,US Dollar,840,Territory of GB,"Virgin Islands, British",Îles Vierges Britanniques
D,49,Germany,GER,GM,93,GER,DE,DEU,276,D,gw,DL,EUR,GERMANY,2,Euro,978,Yes,Germany,Allemagne
YAR,967,Yemen,YEM,YM,269,YEM,YE,YEM,887,YEM,ye,YE,YER,YEMEN,2,Yemeni Rial,886,Yes,Yemen,Yémen
DZ,213,Algeria,ALG,AG,4,ALG,DZ,DZA,012,ALG,ae,AL,DZD,ALGERIA,2,Algerian Dinar,012,Yes,Algeria,Algérie
MK,389,Macedonia,MKD,MK,241,MKD,MK,MKD,807,MKD,xn,MJ,MKD,"MACEDONIA, THE FORMER YUGOSLAV REPUBLIC OF",2,Denar,807,Yes,"Macedonia, the Former Yugoslav Republic of","Macédoine, l'Ex-république Yougoslave de"
ROU,598,Uruguay,URU,UY,260,URU,UY,URY,858,URG,uy,UY,UYU,URUGUAY,2,Peso Uruguayo,858,Yes,Uruguay,Uruguay
 ,262,Mayotte,MYT,MF,161,MAY,YT,MYT,175,MYT,ot, ,EUR,MAYOTTE,2,Euro,978,Part of FR,Mayotte,Mayotte
USA, ,United States Minor Outlying Islands,,"FQ,HQ,DQ,JQ,KQ,MQ,BQ,LQ,WQ",, ,UM,UMI,581, ,"ji,xf,wk,uc,up", ,USD,UNITED STATES MINOR OUTLYING ISLANDS,2,US Dollar,840,Territories of US,United States Minor Outlying Islands,Îles Mineures Éloignées des États-Unis
RL,961,Lebanon,LIB,LE,141,LIB,LB,LBN,422,LBN,le,LB,LBP,LEBANON,2,Lebanese Pound,422,Yes,Lebanon,Liban
WL,1-758,Saint Lucia,LCA,ST,209,LCA,LC,LCA,662,LCA,xk,LC,XCD,SAINT LUCIA,2,East Caribbean Dollar,951,Yes,Saint Lucia,Sainte-Lucie
LAO,856,Laos,LAO,LA,139,LAO,LA,LAO,418,LAO,ls,LA,LAK,LAO PEOPLE’S DEMOCRATIC REPUBLIC,2,Kip,418,Yes,Lao People's Democratic Republic,"Lao, République Démocratique Populaire"
 ,688,Tuvalu,TUV,TV,252,TUV,TV,TUV,798,TUV,tv,TV,AUD,TUVALU,2,Australian Dollar,036,Yes,Tuvalu,Tuvalu
RC,886,Taiwan,TPE,TW,925,TPE,TW,TWN,158, ,ch, ,TWD,"TAIWAN, PROVINCE OF CHINA",2,New Taiwan Dollar,901,Yes,"Taiwan, Province of China","Taïwan, Province de Chine"
TT,1-868,Trinidad and Tobago,TRI,TD,246,TRI,TT,TTO,780,TRD,tr,TD,TTD,TRINIDAD AND TOBAGO,2,Trinidad and Tobago Dollar,780,Yes,Trinidad and Tobago,Trinité-Et-Tobago
TR,90,Turkey,TUR,TU,249,TUR,TR,TUR,792,TUR,tu,TU,TRY,TURKEY,2,Turkish Lira,949,Yes,Turkey,Turquie
CL,94,Sri Lanka,SRI,CE,231,SRI,LK,LKA,144,CLN,ce,SB,LKR,SRI LANKA,2,Sri Lanka Rupee,144,Yes,Sri Lanka,Sri Lanka
FL,423,Liechtenstein,LIE,LS,146,LIE,LI,LIE,438,LIE,lh, ,CHF,LIECHTENSTEIN,2,Swiss Franc,756,Yes,Liechtenstein,Liechtenstein
TN,216,Tunisia,TUN,TS,248,TUN,TN,TUN,788,TUN,ti,TS,TND,TUNISIA,3,Tunisian Dinar,788,Yes,Tunisia,Tunisie
 ,676,Tonga,TGA,TN,245,TGA,TO,TON,776,TON,to,TO,TOP,TONGA,2,Pa’anga,776,Yes,Tonga,Tonga
LT,370,Lithuania,LTU,LH,147,LTU,LT,LTU,440,LTU,li,LT,LTL,LITHUANIA,2,Lithuanian Litas,440,Yes,Lithuania,Lituanie
TM,993,Turkmenistan,TKM,TX,250,TKM,TM,TKM,795,TKM,tk,TR,TMT,TURKMENISTAN,2,Turkmenistan New Manat,934,Yes,Turkmenistan,Turkménistan
TJ,992,Tajikistan,TJK,TI,239,TJK,TJ,TJK,762,TJK,ta,TA,TJS,TAJIKISTAN,2,Somoni,972,Yes,Tajikistan,Tadjikistan
LS,266,Lesotho,LES,LT,142,LES,LS,LSO,426,LSO,lo,LS,ZAR,LESOTHO,2,Rand,710,Yes,Lesotho,Lesotho
T,66,Thailand,THA,TH,240,THA,TH,THA,764,THA,th,TH,THB,THAILAND,2,Baht,764,Yes,Thailand,Thaïlande
F,262,French Southern Lands,,FS,88, ,TF,ATF,260, ,fs, ,EUR,FRENCH SOUTHERN TERRITORIES,2,Euro,978,Territory of FR,French Southern Territories,Terres Australes Françaises
TG,228,Togo,TOG,TO,243,TOG,TG,TGO,768,TGO,tg,TG,XOF,TOGO,0,CFA Franc BCEAO,952,Yes,Togo,Togo
TCH,235,Chad,CHA,CD,50,CHA,TD,TCD,148,TCD,cd,CD,XAF,CHAD,0,CFA Franc BEAC,950,Yes,Chad,Tchad
 ,1-649,Turks and Caicos Islands,TCA,TK,251,TKS,TC,TCA,796,TCA,tc,TI,USD,TURKS AND CAICOS ISLANDS,2,US Dollar,840,Territory of GB,Turks and Caicos Islands,"Turks-Et-Caïcos, Îles"
LAR,218,Libya,LBY,LY,145,LBA,LY,LBY,434,LBY,ly,LY,LYD,LIBYA,3,Libyan Dinar,434,Yes,Libya,Libye
V,39-06,Vatican City,VAT,VT,110, ,VA,VAT,336,CVA,vc, ,EUR,Vatican City State (HOLY SEE),2,Euro,978,Yes,Holy See (Vatican City State),Saint-Siège (État de la Cité du Vatican)
WV,1-784,Saint Vincent and the Grenadines,VIN,VC,211,VIN,VC,VCT,670,VCT,xm,VG,XCD,SAINT VINCENT AND THE GRENADINES,2,East Caribbean Dollar,951,Yes,Saint Vincent and the Grenadines,Saint-Vincent-Et-Les Grenadines
 ,971,United Arab Emirates,UAE,AE,255,UAE,AE,ARE,784,UAE,ts,ER,AED,UNITED ARAB EMIRATES,2,UAE Dirham,784,Yes,United Arab Emirates,Émirats Arabes Unis
AND,376,Andorra,AND,AN,7,AND,AD,AND,020,AND,an, ,EUR,ANDORRA,2,Euro,978,Yes,Andorra,Andorre
 ,1-268,Antigua and Barbuda,ATG,AC,11,ANT,AG,ATG,028,ATG,aq,AT,XCD,ANTIGUA AND BARBUDA,2,East Caribbean Dollar,951,Yes,Antigua and Barbuda,Antigua-Et-Barbuda
AFG,93,Afghanistan,AFG,AF,1,AFG,AF,AFG,004,AFG,af,AF,AFN,AFGHANISTAN,2,Afghani,971,Yes,Afghanistan,Afghanistan
 ,1-264,Anguilla,AIA,AV,9,AIA,AI,AIA,660,AIA,am, ,XCD,ANGUILLA,2,East Caribbean Dollar,951,Territory of GB,Anguilla,Anguilla
USA,1-340,"Virgin Islands, U.S.",VIR,VQ,258,ISV,VI,VIR,850,VIR,vi,VI,USD,VIRGIN ISLANDS (US),2,US Dollar,840,Territory of US,"Virgin Islands, U.S.",Îles Vierges des États-Unis
IS,354,Iceland,ISL,IC,114,ISL,IS,ISL,352,ISL,ic,IL,ISK,ICELAND,0,Iceland Krona,352,Yes,Iceland,Islande
IR,98,Iran,IRN,IR,117,IRI,IR,IRN,364,IRN,ir,IR,IRR,"IRAN, ISLAMIC REPUBLIC OF",2,Iranian Rial,364,Yes,"Iran, Islamic Republic of","Iran, République Islamique d'"
AM,374,Armenia,ARM,AM,13,ARM,AM,ARM,051,ARM,ai,AY,AMD,ARMENIA,2,Armenian Dram,051,Yes,Armenia,Arménie
AL,355,Albania,ALB,AL,3,ALB,AL,ALB,008,ALB,aa,AB,ALL,ALBANIA,2,Lek,008,Yes,Albania,Albanie
 ,244,Angola,ANG,AO,8,ANG,AO,AGO,024,AGL,ao,AN,AOA,ANGOLA,2,Kwanza,973,Yes,Angola,Angola
 ,672,Antarctica,ROS,AY,10, ,AQ,ATA,010, ,ay,AA,,ANTARCTICA,,No universal currency,,International,Antarctica,Antarctique
USA,1-684,American Samoa,ASA,AQ,5,ASA,AS,ASM,016,SMA,as, ,USD,AMERICAN SAMOA,2,US Dollar,840,Territory of US,American Samoa,Samoa Américaines
RA,54,Argentina,ARG,AR,12,ARG,AR,ARG,032,ARG,ag,AG,ARS,ARGENTINA,2,Argentine Peso,032,Yes,Argentina,Argentine
AUS,61,Australia,AUS,AS,17,AUS,AU,AUS,036,AUS,at,AU,AUD,AUSTRALIA,2,Australian Dollar,036,Yes,Australia,Australie
IL,972,Israel,ISR,IS,121,ISR,IL,ISR,376,ISR,is,IS,ILS,ISRAEL,2,New Israeli Sheqel,376,Yes,Israel,Israël
 ,246,British Indian Ocean Territory,,IO,38, ,IO,IOT,086,BIO,bi, ,USD,BRITISH INDIAN OCEAN TERRITORY,2,US Dollar,840,Territory of GB,British Indian Ocean Territory,"Océan Indien, Territoire Britannique de l'"
IND,91,India,IND,IN,115,IND,IN,IND,356,IND,ii,IN,INR,INDIA,2,Indian Rupee,356,Yes,India,Inde
FIN,358,Åland,ALD, ,1242, ,AX,ALA,248, , , ,EUR,ÅLAND ISLANDS,2,Euro,978,Part of FI,Åland Islands,"Åland, Îles"
AZ,994,Azerbaijan,AZE,AJ,19,AZE,AZ,AZE,031,AZE,aj,AJ,AZN,AZERBAIJAN,2,Azerbaijanian Manat,944,Yes,Azerbaijan,Azerbaïdjan
IRL,353,Ireland,IRL,EI,119,IRL,IE,IRL,372,IRL,ie,IE,EUR,IRELAND,2,Euro,978,Yes,Ireland,Irlande
RI,62,Indonesia,IDN,ID,116,INA,ID,IDN,360,INS,io,ID,IDR,INDONESIA,2,Rupiah,360,Yes,Indonesia,Indonésie
MAL,60,Malaysia,MAS,MY,153,MAS,MY,MYS,458,MLA,my,MS,MYR,MALAYSIA,2,Malaysian Ringgit,458,Yes,Malaysia,Malaisie
Q,974,Qatar,QAT,QA,201,QAT,QA,QAT,634,QAT,qa,QT,QAR,QATAR,2,Qatari Rial,634,Yes,Qatar,Qatar
MOC,258,Mozambique,MOZ,MZ,170,MOZ,MZ,MOZ,508,MOZ,mz,MZ,MZN,MOZAMBIQUE,2,Mozambique Metical,943,Yes,Mozambique,Mozambique
